<?xml version="1.0" encoding="UTF-8"?>
<export version="D">
  <design>
    <source>C:\Users\HLunn\OneDrive\Industriell Kyb\TTK4555 - Teknisk kybernetikk, fordypningsemne\TTK8 - Konstruksjon av innebygde systemer\Prosjekt - Node 1\Byggern_Node_1\Byggern_Node_1.sch</source>
    <date>9/18/2021 7:08:07 PM</date>
    <tool>Eeschema (5.1.10)-1</tool>
    <sheet number="1" name="/" tstamps="/">
      <title_block>
        <title/>
        <company/>
        <rev/>
        <date/>
        <source>Byggern_Node_1.sch</source>
        <comment number="1" value=""/>
        <comment number="2" value=""/>
        <comment number="3" value=""/>
        <comment number="4" value=""/>
      </title_block>
    </sheet>
  </design>
  <components>
    <comp ref="U1">
      <value>L7805</value>
      <footprint>Package_TO_SOT_THT:TO-220-3_Vertical</footprint>
      <datasheet>http://www.st.com/content/ccc/resource/technical/document/datasheet/41/4f/b3/b0/12/d4/47/88/CD00000444.pdf/files/CD00000444.pdf/jcr:content/translations/en.CD00000444.pdf</datasheet>
      <libsource lib="Regulator_Linear" part="L7805" description="Positive 1.5A 35V Linear Regulator, Fixed Output 5V, TO-220/TO-263/TO-252"/>
      <sheetpath names="/" tstamps="/"/>
      <tstamp>613A381D</tstamp>
    </comp>
    <comp ref="C2">
      <value>100nF</value>
      <footprint>Capacitor_THT:CP_Radial_D5.0mm_P2.50mm</footprint>
      <datasheet>~</datasheet>
      <libsource lib="Device" part="C" description="Unpolarized capacitor"/>
      <sheetpath names="/" tstamps="/"/>
      <tstamp>613AB296</tstamp>
    </comp>
    <comp ref="C1">
      <value>330nF</value>
      <footprint>Capacitor_THT:CP_Radial_D5.0mm_P2.50mm</footprint>
      <datasheet>~</datasheet>
      <libsource lib="Device" part="C" description="Unpolarized capacitor"/>
      <sheetpath names="/" tstamps="/"/>
      <tstamp>613ABAE2</tstamp>
    </comp>
    <comp ref="J1">
      <value>PWR</value>
      <footprint>Connector_BarrelJack:BarrelJack_Horizontal</footprint>
      <datasheet>~</datasheet>
      <libsource lib="Connector" part="Barrel_Jack_Switch" description="DC Barrel Jack with an internal switch"/>
      <sheetpath names="/" tstamps="/"/>
      <tstamp>613BA95A</tstamp>
    </comp>
    <comp ref="J2">
      <value>JTAG</value>
      <footprint>Connector_PinHeader_1.27mm:PinHeader_2x05_P1.27mm_Vertical</footprint>
      <datasheet>~</datasheet>
      <libsource lib="Connector" part="Conn_01x10_Male" description="Generic connector, single row, 01x10, script generated (kicad-library-utils/schlib/autogen/connector/)"/>
      <sheetpath names="/" tstamps="/"/>
      <tstamp>613B4641</tstamp>
    </comp>
    <comp ref="U6">
      <value>MAX233</value>
      <footprint>Package_DIP:DIP-20_W7.62mm</footprint>
      <libsource lib="AA_Node_2_lib" part="MAX233" description=""/>
      <sheetpath names="/" tstamps="/"/>
      <tstamp>613FFAFB</tstamp>
    </comp>
    <comp ref="U2">
      <value>ATmega162V-8PU</value>
      <footprint>Package_DIP:DIP-40_W15.24mm</footprint>
      <datasheet>http://ww1.microchip.com/downloads/en/DeviceDoc/Atmel-2513-8-bit-AVR-Microntroller-ATmega162_Datasheet.pdf</datasheet>
      <libsource lib="AA_Node_2_lib" part="ATmega162V-8PU" description="8MHz, 16kB Flash, 1kB SRAM, 512B EEPROM, JTAG, DIP-40"/>
      <sheetpath names="/" tstamps="/"/>
      <tstamp>61408072</tstamp>
    </comp>
    <comp ref="U4">
      <value>IDT7164SL</value>
      <footprint>Package_DIP:DIP-28_W7.62mm</footprint>
      <libsource lib="AA_Node_2_lib" part="IDT7164SL" description=""/>
      <sheetpath names="/" tstamps="/"/>
      <tstamp>6140B37C</tstamp>
    </comp>
    <comp ref="U3">
      <value>SN74ALS</value>
      <footprint>Package_DIP:DIP-20_W7.62mm</footprint>
      <libsource lib="AA_Node_2_lib" part="SN74ALS" description=""/>
      <sheetpath names="/" tstamps="/"/>
      <tstamp>6140E4B5</tstamp>
    </comp>
    <comp ref="U5">
      <value>SN74HC00</value>
      <footprint>Package_DIP:DIP-14_W7.62mm</footprint>
      <libsource lib="AA_Node_2_lib" part="SN74HC00" description=""/>
      <sheetpath names="/" tstamps="/"/>
      <tstamp>6141017C</tstamp>
    </comp>
    <comp ref="C5">
      <value>22pF</value>
      <footprint>Capacitor_THT:CP_Radial_D5.0mm_P2.50mm</footprint>
      <datasheet>~</datasheet>
      <libsource lib="Device" part="C" description="Unpolarized capacitor"/>
      <sheetpath names="/" tstamps="/"/>
      <tstamp>613CCB4A</tstamp>
    </comp>
    <comp ref="C4">
      <value>22pF</value>
      <footprint>Capacitor_THT:CP_Radial_D5.0mm_P2.50mm</footprint>
      <datasheet>~</datasheet>
      <libsource lib="Device" part="C" description="Unpolarized capacitor"/>
      <sheetpath names="/" tstamps="/"/>
      <tstamp>613CB9E1</tstamp>
    </comp>
    <comp ref="Y1">
      <value>4,9152MHz</value>
      <footprint>Crystal:Crystal_HC18-U_Vertical</footprint>
      <datasheet>~</datasheet>
      <libsource lib="Device" part="Crystal" description="Two pin crystal"/>
      <sheetpath names="/" tstamps="/"/>
      <tstamp>613BA670</tstamp>
    </comp>
    <comp ref="C6">
      <value>100nF</value>
      <footprint>Capacitor_THT:CP_Radial_D5.0mm_P2.50mm</footprint>
      <datasheet>~</datasheet>
      <libsource lib="Device" part="C" description="Unpolarized capacitor"/>
      <sheetpath names="/" tstamps="/"/>
      <tstamp>61530901</tstamp>
    </comp>
    <comp ref="SW1">
      <value>SW_MEC_5G</value>
      <footprint>Button_Switch_THT:SW_MEC_5GTH9</footprint>
      <datasheet>http://www.apem.com/int/index.php?controller=attachment&amp;id_attachment=488</datasheet>
      <libsource lib="Switch" part="SW_MEC_5G" description="MEC 5G single pole normally-open tactile switch"/>
      <sheetpath names="/" tstamps="/"/>
      <tstamp>6149AF7B</tstamp>
    </comp>
    <comp ref="R1">
      <value>??</value>
      <footprint>Resistor_THT:R_Axial_DIN0207_L6.3mm_D2.5mm_P7.62mm_Horizontal</footprint>
      <datasheet>~</datasheet>
      <libsource lib="Device" part="R" description="Resistor"/>
      <sheetpath names="/" tstamps="/"/>
      <tstamp>6149A9B1</tstamp>
    </comp>
    <comp ref="U9">
      <value>MAX156CNG</value>
      <footprint>Package_DIP:DIP-24_W7.62mm</footprint>
      <libsource lib="AA_Node_2_lib" part="MAX156CNG" description=""/>
      <sheetpath names="/" tstamps="/"/>
      <tstamp>61411E5E</tstamp>
    </comp>
    <comp ref="R2">
      <value>2k</value>
      <footprint>Resistor_THT:R_Axial_DIN0207_L6.3mm_D2.5mm_P7.62mm_Horizontal</footprint>
      <datasheet>~</datasheet>
      <libsource lib="Device" part="R" description="Resistor"/>
      <sheetpath names="/" tstamps="/"/>
      <tstamp>614B2C31</tstamp>
    </comp>
    <comp ref="C11">
      <value>100nF</value>
      <footprint>Capacitor_THT:CP_Radial_D5.0mm_P2.50mm</footprint>
      <datasheet>~</datasheet>
      <libsource lib="Device" part="C" description="Unpolarized capacitor"/>
      <sheetpath names="/" tstamps="/"/>
      <tstamp>614F80A4</tstamp>
    </comp>
    <comp ref="R3">
      <value>2k</value>
      <footprint>Resistor_THT:R_Axial_DIN0207_L6.3mm_D2.5mm_P7.62mm_Horizontal</footprint>
      <datasheet>~</datasheet>
      <libsource lib="Device" part="R" description="Resistor"/>
      <sheetpath names="/" tstamps="/"/>
      <tstamp>614F809E</tstamp>
    </comp>
    <comp ref="C10">
      <value>100nF</value>
      <footprint>Capacitor_THT:CP_Radial_D5.0mm_P2.50mm</footprint>
      <datasheet>~</datasheet>
      <libsource lib="Device" part="C" description="Unpolarized capacitor"/>
      <sheetpath names="/" tstamps="/"/>
      <tstamp>614C265E</tstamp>
    </comp>
    <comp ref="e1">
      <value>100nF</value>
      <footprint>Capacitor_THT:CP_Radial_D5.0mm_P2.50mm</footprint>
      <datasheet>~</datasheet>
      <libsource lib="Device" part="C" description="Unpolarized capacitor"/>
      <sheetpath names="/" tstamps="/"/>
      <tstamp>61469F43</tstamp>
    </comp>
    <comp ref="J6">
      <value>MODE SELECT</value>
      <footprint>Connector_PinHeader_2.54mm:PinHeader_1x03_P2.54mm_Vertical</footprint>
      <datasheet>~</datasheet>
      <libsource lib="Connector" part="Conn_01x03_Male" description="Generic connector, single row, 01x03, script generated (kicad-library-utils/schlib/autogen/connector/)"/>
      <sheetpath names="/" tstamps="/"/>
      <tstamp>61475B30</tstamp>
    </comp>
    <comp ref="C16">
      <value>22pF</value>
      <footprint>Capacitor_THT:CP_Radial_D5.0mm_P2.50mm</footprint>
      <datasheet>~</datasheet>
      <libsource lib="Device" part="C" description="Unpolarized capacitor"/>
      <sheetpath names="/" tstamps="/"/>
      <tstamp>615CCE63</tstamp>
    </comp>
    <comp ref="C15">
      <value>22pF</value>
      <footprint>Capacitor_THT:CP_Radial_D5.0mm_P2.50mm</footprint>
      <datasheet>~</datasheet>
      <libsource lib="Device" part="C" description="Unpolarized capacitor"/>
      <sheetpath names="/" tstamps="/"/>
      <tstamp>615CCE6D</tstamp>
    </comp>
    <comp ref="U8">
      <value>MCP2515</value>
      <footprint>Package_DIP:DIP-18_W7.62mm</footprint>
      <libsource lib="AA_Node_2_lib" part="MCP2515" description=""/>
      <sheetpath names="/" tstamps="/"/>
      <tstamp>615F0451</tstamp>
    </comp>
    <comp ref="U7">
      <value>MCP2551</value>
      <footprint>Package_DIP:DIP-8_W7.62mm</footprint>
      <libsource lib="AA_Node_2_lib" part="MCP2551" description=""/>
      <sheetpath names="/" tstamps="/"/>
      <tstamp>616A75D6</tstamp>
    </comp>
    <comp ref="R5">
      <value>??</value>
      <footprint>Resistor_THT:R_Axial_DIN0207_L6.3mm_D2.5mm_P7.62mm_Horizontal</footprint>
      <datasheet>~</datasheet>
      <libsource lib="Device" part="R" description="Resistor"/>
      <sheetpath names="/" tstamps="/"/>
      <tstamp>616D24EE</tstamp>
    </comp>
    <comp ref="R4">
      <value>120</value>
      <footprint>Resistor_THT:R_Axial_DIN0207_L6.3mm_D2.5mm_P7.62mm_Horizontal</footprint>
      <datasheet>~</datasheet>
      <libsource lib="Device" part="R" description="Resistor"/>
      <sheetpath names="/" tstamps="/"/>
      <tstamp>616DBF44</tstamp>
    </comp>
    <comp ref="J7">
      <value>CANBUS</value>
      <footprint>Connector_PinHeader_2.54mm:PinHeader_1x02_P2.54mm_Vertical</footprint>
      <datasheet>~</datasheet>
      <libsource lib="Connector" part="Conn_01x02_Male" description="Generic connector, single row, 01x02, script generated (kicad-library-utils/schlib/autogen/connector/)"/>
      <sheetpath names="/" tstamps="/"/>
      <tstamp>61747AA9</tstamp>
    </comp>
    <comp ref="Y2">
      <value>16MHz</value>
      <footprint>Crystal:Crystal_HC18-U_Vertical</footprint>
      <datasheet>~</datasheet>
      <libsource lib="Device" part="Crystal" description="Two pin crystal"/>
      <sheetpath names="/" tstamps="/"/>
      <tstamp>615CCE77</tstamp>
    </comp>
    <comp ref="J4">
      <value>LEFT SLIDER AND BUTTON</value>
      <footprint>Connector_PinHeader_2.54mm:PinHeader_1x02_P2.54mm_Vertical</footprint>
      <datasheet>~</datasheet>
      <libsource lib="Connector" part="Conn_01x02_Male" description="Generic connector, single row, 01x02, script generated (kicad-library-utils/schlib/autogen/connector/)"/>
      <sheetpath names="/" tstamps="/"/>
      <tstamp>61492472</tstamp>
    </comp>
    <comp ref="J3">
      <value>RIGHT SILDER AND BUTTON</value>
      <footprint>Connector_PinHeader_2.54mm:PinHeader_1x02_P2.54mm_Vertical</footprint>
      <datasheet>~</datasheet>
      <libsource lib="Connector" part="Conn_01x02_Male" description="Generic connector, single row, 01x02, script generated (kicad-library-utils/schlib/autogen/connector/)"/>
      <sheetpath names="/" tstamps="/"/>
      <tstamp>614938BA</tstamp>
    </comp>
    <comp ref="J8">
      <value>OLED</value>
      <footprint>Connector_PinHeader_2.54mm:PinHeader_1x12_P2.54mm_Vertical</footprint>
      <datasheet>~</datasheet>
      <libsource lib="Connector" part="Conn_01x12_Male" description="Generic connector, single row, 01x12, script generated (kicad-library-utils/schlib/autogen/connector/)"/>
      <sheetpath names="/" tstamps="/"/>
      <tstamp>61CC85DE</tstamp>
    </comp>
    <comp ref="C3">
      <value>100nF</value>
      <footprint>Capacitor_THT:CP_Radial_D5.0mm_P2.50mm</footprint>
      <datasheet>~</datasheet>
      <libsource lib="Device" part="C" description="Unpolarized capacitor"/>
      <sheetpath names="/" tstamps="/"/>
      <tstamp>61D38612</tstamp>
    </comp>
    <comp ref="C7">
      <value>100nF</value>
      <footprint>Capacitor_THT:CP_Radial_D5.0mm_P2.50mm</footprint>
      <datasheet>~</datasheet>
      <libsource lib="Device" part="C" description="Unpolarized capacitor"/>
      <sheetpath names="/" tstamps="/"/>
      <tstamp>61D4E838</tstamp>
    </comp>
    <comp ref="C8">
      <value>100nF</value>
      <footprint>Capacitor_THT:CP_Radial_D5.0mm_P2.50mm</footprint>
      <datasheet>~</datasheet>
      <libsource lib="Device" part="C" description="Unpolarized capacitor"/>
      <sheetpath names="/" tstamps="/"/>
      <tstamp>61D5AB25</tstamp>
    </comp>
    <comp ref="C12">
      <value>100nF</value>
      <footprint>Capacitor_THT:CP_Radial_D5.0mm_P2.50mm</footprint>
      <datasheet>~</datasheet>
      <libsource lib="Device" part="C" description="Unpolarized capacitor"/>
      <sheetpath names="/" tstamps="/"/>
      <tstamp>61D713A4</tstamp>
    </comp>
    <comp ref="C13">
      <value>100nF</value>
      <footprint>Capacitor_THT:CP_Radial_D5.0mm_P2.50mm</footprint>
      <datasheet>~</datasheet>
      <libsource lib="Device" part="C" description="Unpolarized capacitor"/>
      <sheetpath names="/" tstamps="/"/>
      <tstamp>61D9ED08</tstamp>
    </comp>
    <comp ref="C14">
      <value>100nF</value>
      <footprint>Capacitor_THT:CP_Radial_D5.0mm_P2.50mm</footprint>
      <datasheet>~</datasheet>
      <libsource lib="Device" part="C" description="Unpolarized capacitor"/>
      <sheetpath names="/" tstamps="/"/>
      <tstamp>61DC1218</tstamp>
    </comp>
    <comp ref="C17">
      <value>100nF</value>
      <footprint>Capacitor_THT:CP_Radial_D5.0mm_P2.50mm</footprint>
      <datasheet>~</datasheet>
      <libsource lib="Device" part="C" description="Unpolarized capacitor"/>
      <sheetpath names="/" tstamps="/"/>
      <tstamp>61DD7FB1</tstamp>
    </comp>
    <comp ref="J9">
      <value>RS-232</value>
      <footprint>Connector_Dsub:DSUB-9_Male_Horizontal_P2.77x2.54mm_EdgePinOffset9.40mm</footprint>
      <datasheet> ~</datasheet>
      <libsource lib="Connector" part="DB9_Male" description="9-pin male D-SUB connector"/>
      <sheetpath names="/" tstamps="/"/>
      <tstamp>615E2278</tstamp>
    </comp>
    <comp ref="J5">
      <value>JOY STICK</value>
      <footprint>Connector_PinHeader_2.54mm:PinHeader_1x03_P2.54mm_Vertical</footprint>
      <datasheet>~</datasheet>
      <libsource lib="Connector" part="Conn_01x03_Male" description="Generic connector, single row, 01x03, script generated (kicad-library-utils/schlib/autogen/connector/)"/>
      <sheetpath names="/" tstamps="/"/>
      <tstamp>614BD4FC</tstamp>
    </comp>
  </components>
  <libparts>
    <libpart lib="AA_Node_2_lib" part="ATmega162V-8PU">
      <aliases>
        <alias>ATmega162-16PU</alias>
      </aliases>
      <description>8MHz, 16kB Flash, 1kB SRAM, 512B EEPROM, JTAG, DIP-40</description>
      <docs>http://ww1.microchip.com/downloads/en/DeviceDoc/Atmel-2513-8-bit-AVR-Microntroller-ATmega162_Datasheet.pdf</docs>
      <footprints>
        <fp>DIP*W15.24mm*</fp>
      </footprints>
      <fields>
        <field name="Reference">U</field>
        <field name="Value">ATmega162V-8PU</field>
        <field name="Footprint">Package_DIP:DIP-40_W15.24mm</field>
      </fields>
      <pins>
        <pin num="1" name="PB0/T0" type="BiDi"/>
        <pin num="2" name="PB1/T1" type="BiDi"/>
        <pin num="3" name="PB2/AIN0" type="BiDi"/>
        <pin num="4" name="PB3/AIN1" type="BiDi"/>
        <pin num="5" name="PB4/~SS" type="BiDi"/>
        <pin num="6" name="PB5/MOSI" type="BiDi"/>
        <pin num="7" name="PB6/MISO" type="BiDi"/>
        <pin num="8" name="PB7/SCK" type="BiDi"/>
        <pin num="9" name="~RESET" type="input"/>
        <pin num="10" name="PD0/RXD0" type="BiDi"/>
        <pin num="11" name="PD1/TXD0" type="BiDi"/>
        <pin num="12" name="PD2/INT0" type="BiDi"/>
        <pin num="13" name="PD3/INT1" type="BiDi"/>
        <pin num="14" name="PD4/TOSC1" type="BiDi"/>
        <pin num="15" name="PD5/TOSC2" type="BiDi"/>
        <pin num="16" name="PD6/~WR" type="BiDi"/>
        <pin num="17" name="PD7/~RD" type="BiDi"/>
        <pin num="18" name="XTAL2" type="output"/>
        <pin num="19" name="XTAL1" type="input"/>
        <pin num="20" name="GND" type="power_in"/>
        <pin num="21" name="PC0/AD8" type="BiDi"/>
        <pin num="22" name="PC1/AD9" type="BiDi"/>
        <pin num="23" name="PC2/AD10" type="BiDi"/>
        <pin num="24" name="PC3/AD11" type="BiDi"/>
        <pin num="25" name="PC4/TCK" type="BiDi"/>
        <pin num="26" name="PC5/TMS" type="BiDi"/>
        <pin num="27" name="PC6/TDO" type="BiDi"/>
        <pin num="28" name="PC7/TDI" type="BiDi"/>
        <pin num="29" name="PE2/OC1b" type="BiDi"/>
        <pin num="30" name="PE1/ALE" type="BiDi"/>
        <pin num="31" name="PE0/INT2" type="BiDi"/>
        <pin num="32" name="PA7/AD7" type="BiDi"/>
        <pin num="33" name="PA6/AD6" type="BiDi"/>
        <pin num="34" name="PA5/AD5" type="BiDi"/>
        <pin num="35" name="PA4/AD4" type="BiDi"/>
        <pin num="36" name="PA3/AD3" type="BiDi"/>
        <pin num="37" name="PA2/AD2" type="BiDi"/>
        <pin num="38" name="PA1/AD1" type="BiDi"/>
        <pin num="39" name="PA0/AD0" type="BiDi"/>
        <pin num="40" name="VCC" type="power_in"/>
      </pins>
    </libpart>
    <libpart lib="AA_Node_2_lib" part="IDT7164SL">
      <fields>
        <field name="Reference">U</field>
        <field name="Value">IDT7164SL</field>
      </fields>
      <pins>
        <pin num="1" name="NC" type="BiDi"/>
        <pin num="2" name="A12" type="BiDi"/>
        <pin num="3" name="A7" type="BiDi"/>
        <pin num="4" name="A6" type="BiDi"/>
        <pin num="5" name="A5" type="BiDi"/>
        <pin num="6" name="A4" type="BiDi"/>
        <pin num="7" name="A3" type="BiDi"/>
        <pin num="8" name="A2" type="BiDi"/>
        <pin num="9" name="A1" type="BiDi"/>
        <pin num="10" name="A0" type="BiDi"/>
        <pin num="11" name="I/O0" type="BiDi"/>
        <pin num="12" name="I/01" type="BiDi"/>
        <pin num="13" name="I/02" type="BiDi"/>
        <pin num="14" name="GND" type="BiDi"/>
        <pin num="15" name="I/03" type="BiDi"/>
        <pin num="16" name="I/04" type="BiDi"/>
        <pin num="17" name="I/05" type="BiDi"/>
        <pin num="18" name="I/06" type="BiDi"/>
        <pin num="19" name="I/07" type="BiDi"/>
        <pin num="20" name="~CS1" type="BiDi"/>
        <pin num="21" name="A10" type="BiDi"/>
        <pin num="22" name="~OE" type="BiDi"/>
        <pin num="23" name="A11" type="BiDi"/>
        <pin num="24" name="A9" type="BiDi"/>
        <pin num="25" name="A8" type="BiDi"/>
        <pin num="26" name="CS2" type="BiDi"/>
        <pin num="27" name="~WE" type="BiDi"/>
        <pin num="28" name="Vcc" type="BiDi"/>
      </pins>
    </libpart>
    <libpart lib="AA_Node_2_lib" part="MAX156CNG">
      <fields>
        <field name="Reference">U</field>
        <field name="Value">MAX156CNG</field>
      </fields>
      <pins>
        <pin num="1" name="AIN1" type="BiDi"/>
        <pin num="2" name="AIN0" type="BiDi"/>
        <pin num="3" name="MODE" type="BiDi"/>
        <pin num="4" name="VSS" type="BiDi"/>
        <pin num="5" name="~CS" type="BiDi"/>
        <pin num="6" name="~RD" type="BiDi"/>
        <pin num="7" name="~WR" type="BiDi"/>
        <pin num="8" name="~BUSY" type="BiDi"/>
        <pin num="9" name="CLK" type="BiDi"/>
        <pin num="10" name="D7/~ALL" type="BiDi"/>
        <pin num="11" name="D6/DIFF" type="BiDi"/>
        <pin num="12" name="DGND" type="BiDi"/>
        <pin num="13" name="D5/BIP" type="BiDi"/>
        <pin num="14" name="D4/INH" type="BiDi"/>
        <pin num="15" name="D3/PD" type="BiDi"/>
        <pin num="16" name="D2" type="BiDi"/>
        <pin num="17" name="D1/A1" type="BiDi"/>
        <pin num="18" name="D0/A0" type="BiDi"/>
        <pin num="19" name="REFOUT" type="BiDi"/>
        <pin num="20" name="REFIN" type="BiDi"/>
        <pin num="21" name="AGND" type="BiDi"/>
        <pin num="22" name="VDD" type="BiDi"/>
        <pin num="23" name="AIN3" type="BiDi"/>
        <pin num="24" name="AIN2" type="BiDi"/>
      </pins>
    </libpart>
    <libpart lib="AA_Node_2_lib" part="MAX233">
      <fields>
        <field name="Reference">U</field>
        <field name="Value">MAX233</field>
      </fields>
      <pins>
        <pin num="1" name="T2IN" type="BiDi"/>
        <pin num="2" name="T1IN" type="BiDi"/>
        <pin num="3" name="R1OUT" type="BiDi"/>
        <pin num="4" name="R1IN" type="BiDi"/>
        <pin num="5" name="T1OUT" type="BiDi"/>
        <pin num="6" name="GND" type="BiDi"/>
        <pin num="7" name="VCC" type="BiDi"/>
        <pin num="8" name="C1+" type="BiDi"/>
        <pin num="9" name="GND" type="BiDi"/>
        <pin num="10" name="CS-" type="BiDi"/>
        <pin num="11" name="C2+" type="BiDi"/>
        <pin num="12" name="V-" type="BiDi"/>
        <pin num="13" name="C1-" type="BiDi"/>
        <pin num="14" name="V+" type="BiDi"/>
        <pin num="15" name="C2+" type="BiDi"/>
        <pin num="16" name="C2-" type="BiDi"/>
        <pin num="17" name="V-" type="BiDi"/>
        <pin num="18" name="T2OUT" type="BiDi"/>
        <pin num="19" name="R2IN" type="BiDi"/>
        <pin num="20" name="R2OUT" type="BiDi"/>
      </pins>
    </libpart>
    <libpart lib="AA_Node_2_lib" part="MCP2515">
      <fields>
        <field name="Reference">U</field>
        <field name="Value">MCP2515</field>
      </fields>
      <pins>
        <pin num="1" name="TXCAN" type="BiDi"/>
        <pin num="2" name="RXCAN" type="BiDi"/>
        <pin num="3" name="CLKOUT" type="BiDi"/>
        <pin num="4" name="~TX0RTS" type="BiDi"/>
        <pin num="5" name="~TX1RTS" type="BiDi"/>
        <pin num="6" name="~TX2RTS" type="BiDi"/>
        <pin num="7" name="OSC2" type="BiDi"/>
        <pin num="8" name="OSC1" type="BiDi"/>
        <pin num="9" name="VSS" type="BiDi"/>
        <pin num="10" name="~RX1BF" type="BiDi"/>
        <pin num="11" name="~RX0BF" type="BiDi"/>
        <pin num="12" name="~INT" type="BiDi"/>
        <pin num="13" name="SCK" type="BiDi"/>
        <pin num="14" name="SI" type="BiDi"/>
        <pin num="15" name="SO" type="BiDi"/>
        <pin num="16" name="~CS" type="BiDi"/>
        <pin num="17" name="~RESET" type="BiDi"/>
        <pin num="18" name="VDD" type="BiDi"/>
      </pins>
    </libpart>
    <libpart lib="AA_Node_2_lib" part="MCP2551">
      <fields>
        <field name="Reference">U</field>
        <field name="Value">MCP2551</field>
      </fields>
      <pins>
        <pin num="1" name="TXD" type="BiDi"/>
        <pin num="2" name="VSS" type="BiDi"/>
        <pin num="3" name="VDD" type="BiDi"/>
        <pin num="4" name="RXD" type="BiDi"/>
        <pin num="5" name="VREF" type="BiDi"/>
        <pin num="6" name="CANL" type="BiDi"/>
        <pin num="7" name="CANH" type="BiDi"/>
        <pin num="8" name="RS" type="BiDi"/>
      </pins>
    </libpart>
    <libpart lib="AA_Node_2_lib" part="SN74ALS">
      <fields>
        <field name="Reference">U</field>
        <field name="Value">SN74ALS</field>
      </fields>
      <pins>
        <pin num="1" name="~OE" type="BiDi"/>
        <pin num="2" name="1D" type="BiDi"/>
        <pin num="3" name="2D" type="BiDi"/>
        <pin num="4" name="3D" type="BiDi"/>
        <pin num="5" name="4D" type="BiDi"/>
        <pin num="6" name="5D" type="BiDi"/>
        <pin num="7" name="6D" type="BiDi"/>
        <pin num="8" name="7D" type="BiDi"/>
        <pin num="9" name="8D" type="BiDi"/>
        <pin num="10" name="GND" type="BiDi"/>
        <pin num="11" name="LE" type="BiDi"/>
        <pin num="12" name="8Q" type="BiDi"/>
        <pin num="13" name="7Q" type="BiDi"/>
        <pin num="14" name="6Q" type="BiDi"/>
        <pin num="15" name="5Q" type="BiDi"/>
        <pin num="16" name="4Q" type="BiDi"/>
        <pin num="17" name="3Q" type="BiDi"/>
        <pin num="18" name="2Q" type="BiDi"/>
        <pin num="19" name="1Q" type="BiDi"/>
        <pin num="20" name="Vcc" type="BiDi"/>
      </pins>
    </libpart>
    <libpart lib="AA_Node_2_lib" part="SN74HC00">
      <fields>
        <field name="Reference">U</field>
        <field name="Value">SN74HC00</field>
      </fields>
      <pins>
        <pin num="1" name="1A" type="BiDi"/>
        <pin num="2" name="1B" type="BiDi"/>
        <pin num="3" name="Y1" type="BiDi"/>
        <pin num="4" name="2A" type="BiDi"/>
        <pin num="5" name="2B" type="BiDi"/>
        <pin num="6" name="2Y" type="BiDi"/>
        <pin num="7" name="GND" type="BiDi"/>
        <pin num="8" name="3Y" type="BiDi"/>
        <pin num="9" name="3A" type="BiDi"/>
        <pin num="10" name="3B" type="BiDi"/>
        <pin num="11" name="4Y" type="BiDi"/>
        <pin num="12" name="4A" type="BiDi"/>
        <pin num="13" name="4B" type="BiDi"/>
        <pin num="14" name="VCC" type="BiDi"/>
      </pins>
    </libpart>
    <libpart lib="Connector" part="Barrel_Jack_Switch">
      <description>DC Barrel Jack with an internal switch</description>
      <docs>~</docs>
      <footprints>
        <fp>BarrelJack*</fp>
      </footprints>
      <fields>
        <field name="Reference">J</field>
        <field name="Value">Barrel_Jack_Switch</field>
      </fields>
      <pins>
        <pin num="1" name="~" type="passive"/>
        <pin num="2" name="~" type="passive"/>
        <pin num="3" name="~" type="passive"/>
      </pins>
    </libpart>
    <libpart lib="Connector" part="Conn_01x02_Male">
      <description>Generic connector, single row, 01x02, script generated (kicad-library-utils/schlib/autogen/connector/)</description>
      <docs>~</docs>
      <footprints>
        <fp>Connector*:*_1x??_*</fp>
      </footprints>
      <fields>
        <field name="Reference">J</field>
        <field name="Value">Conn_01x02_Male</field>
      </fields>
      <pins>
        <pin num="1" name="Pin_1" type="passive"/>
        <pin num="2" name="Pin_2" type="passive"/>
      </pins>
    </libpart>
    <libpart lib="Connector" part="Conn_01x03_Male">
      <description>Generic connector, single row, 01x03, script generated (kicad-library-utils/schlib/autogen/connector/)</description>
      <docs>~</docs>
      <footprints>
        <fp>Connector*:*_1x??_*</fp>
      </footprints>
      <fields>
        <field name="Reference">J</field>
        <field name="Value">Conn_01x03_Male</field>
      </fields>
      <pins>
        <pin num="1" name="Pin_1" type="passive"/>
        <pin num="2" name="Pin_2" type="passive"/>
        <pin num="3" name="Pin_3" type="passive"/>
      </pins>
    </libpart>
    <libpart lib="Connector" part="Conn_01x10_Male">
      <description>Generic connector, single row, 01x10, script generated (kicad-library-utils/schlib/autogen/connector/)</description>
      <docs>~</docs>
      <footprints>
        <fp>Connector*:*_1x??_*</fp>
      </footprints>
      <fields>
        <field name="Reference">J</field>
        <field name="Value">Conn_01x10_Male</field>
      </fields>
      <pins>
        <pin num="1" name="Pin_1" type="passive"/>
        <pin num="2" name="Pin_2" type="passive"/>
        <pin num="3" name="Pin_3" type="passive"/>
        <pin num="4" name="Pin_4" type="passive"/>
        <pin num="5" name="Pin_5" type="passive"/>
        <pin num="6" name="Pin_6" type="passive"/>
        <pin num="7" name="Pin_7" type="passive"/>
        <pin num="8" name="Pin_8" type="passive"/>
        <pin num="9" name="Pin_9" type="passive"/>
        <pin num="10" name="Pin_10" type="passive"/>
      </pins>
    </libpart>
    <libpart lib="Connector" part="Conn_01x12_Male">
      <description>Generic connector, single row, 01x12, script generated (kicad-library-utils/schlib/autogen/connector/)</description>
      <docs>~</docs>
      <footprints>
        <fp>Connector*:*_1x??_*</fp>
      </footprints>
      <fields>
        <field name="Reference">J</field>
        <field name="Value">Conn_01x12_Male</field>
      </fields>
      <pins>
        <pin num="1" name="Pin_1" type="passive"/>
        <pin num="2" name="Pin_2" type="passive"/>
        <pin num="3" name="Pin_3" type="passive"/>
        <pin num="4" name="Pin_4" type="passive"/>
        <pin num="5" name="Pin_5" type="passive"/>
        <pin num="6" name="Pin_6" type="passive"/>
        <pin num="7" name="Pin_7" type="passive"/>
        <pin num="8" name="Pin_8" type="passive"/>
        <pin num="9" name="Pin_9" type="passive"/>
        <pin num="10" name="Pin_10" type="passive"/>
        <pin num="11" name="Pin_11" type="passive"/>
        <pin num="12" name="Pin_12" type="passive"/>
      </pins>
    </libpart>
    <libpart lib="Connector" part="DB9_Male">
      <description>9-pin male D-SUB connector</description>
      <docs> ~</docs>
      <footprints>
        <fp>DSUB*Male*</fp>
      </footprints>
      <fields>
        <field name="Reference">J</field>
        <field name="Value">DB9_Male</field>
      </fields>
      <pins>
        <pin num="1" name="1" type="passive"/>
        <pin num="2" name="2" type="passive"/>
        <pin num="3" name="3" type="passive"/>
        <pin num="4" name="4" type="passive"/>
        <pin num="5" name="5" type="passive"/>
        <pin num="6" name="6" type="passive"/>
        <pin num="7" name="7" type="passive"/>
        <pin num="8" name="8" type="passive"/>
        <pin num="9" name="9" type="passive"/>
      </pins>
    </libpart>
    <libpart lib="Device" part="C">
      <description>Unpolarized capacitor</description>
      <docs>~</docs>
      <footprints>
        <fp>C_*</fp>
      </footprints>
      <fields>
        <field name="Reference">C</field>
        <field name="Value">C</field>
      </fields>
      <pins>
        <pin num="1" name="~" type="passive"/>
        <pin num="2" name="~" type="passive"/>
      </pins>
    </libpart>
    <libpart lib="Device" part="Crystal">
      <description>Two pin crystal</description>
      <docs>~</docs>
      <footprints>
        <fp>Crystal*</fp>
      </footprints>
      <fields>
        <field name="Reference">Y</field>
        <field name="Value">Crystal</field>
      </fields>
      <pins>
        <pin num="1" name="1" type="passive"/>
        <pin num="2" name="2" type="passive"/>
      </pins>
    </libpart>
    <libpart lib="Device" part="R">
      <description>Resistor</description>
      <docs>~</docs>
      <footprints>
        <fp>R_*</fp>
      </footprints>
      <fields>
        <field name="Reference">R</field>
        <field name="Value">R</field>
      </fields>
      <pins>
        <pin num="1" name="~" type="passive"/>
        <pin num="2" name="~" type="passive"/>
      </pins>
    </libpart>
    <libpart lib="Regulator_Linear" part="L7805">
      <aliases>
        <alias>L7806</alias>
        <alias>L7808</alias>
        <alias>L7885</alias>
        <alias>L7809</alias>
        <alias>L7812</alias>
        <alias>L7815</alias>
        <alias>L7818</alias>
        <alias>L7824</alias>
      </aliases>
      <description>Positive 1.5A 35V Linear Regulator, Fixed Output 5V, TO-220/TO-263/TO-252</description>
      <docs>http://www.st.com/content/ccc/resource/technical/document/datasheet/41/4f/b3/b0/12/d4/47/88/CD00000444.pdf/files/CD00000444.pdf/jcr:content/translations/en.CD00000444.pdf</docs>
      <footprints>
        <fp>TO?252*</fp>
        <fp>TO?263*</fp>
        <fp>TO?220*</fp>
      </footprints>
      <fields>
        <field name="Reference">U</field>
        <field name="Value">L7805</field>
      </fields>
      <pins>
        <pin num="1" name="IN" type="power_in"/>
        <pin num="2" name="GND" type="power_in"/>
        <pin num="3" name="OUT" type="power_out"/>
      </pins>
    </libpart>
    <libpart lib="Switch" part="SW_MEC_5G">
      <description>MEC 5G single pole normally-open tactile switch</description>
      <docs>http://www.apem.com/int/index.php?controller=attachment&amp;id_attachment=488</docs>
      <footprints>
        <fp>SW*MEC*5G*</fp>
      </footprints>
      <fields>
        <field name="Reference">SW</field>
        <field name="Value">SW_MEC_5G</field>
      </fields>
      <pins>
        <pin num="1" name="A" type="passive"/>
        <pin num="2" name="A" type="passive"/>
        <pin num="3" name="B" type="passive"/>
        <pin num="4" name="B" type="passive"/>
      </pins>
    </libpart>
  </libparts>
  <libraries>
    <library logical="AA_Node_2_lib">
      <uri>C:\Users\HLunn\OneDrive\Industriell Kyb\TTK4555 - Teknisk kybernetikk, fordypningsemne\TTK8 - Konstruksjon av innebygde systemer\Prosjekt - Node 1\Byggern_Node_1/AA_Node_2_lib.lib</uri>
    </library>
    <library logical="Connector">
      <uri>C:\Program Files\KiCad\share\kicad\library/Connector.lib</uri>
    </library>
    <library logical="Device">
      <uri>C:\Program Files\KiCad\share\kicad\library/Device.lib</uri>
    </library>
    <library logical="Regulator_Linear">
      <uri>C:\Program Files\KiCad\share\kicad\library/Regulator_Linear.lib</uri>
    </library>
    <library logical="Switch">
      <uri>C:\Program Files\KiCad\share\kicad\library/Switch.lib</uri>
    </library>
  </libraries>
  <nets>
    <net code="1" name="GND">
      <node ref="SW1" pin="1"/>
      <node ref="C11" pin="2"/>
      <node ref="C5" pin="2"/>
      <node ref="C6" pin="2"/>
      <node ref="C10" pin="2"/>
      <node ref="SW1" pin="2"/>
      <node ref="U9" pin="12"/>
      <node ref="C12" pin="2"/>
      <node ref="C13" pin="2"/>
      <node ref="C14" pin="2"/>
      <node ref="C7" pin="2"/>
      <node ref="J9" pin="5"/>
      <node ref="U3" pin="1"/>
      <node ref="U3" pin="10"/>
      <node ref="C8" pin="2"/>
      <node ref="C17" pin="2"/>
      <node ref="U4" pin="2"/>
      <node ref="U9" pin="21"/>
      <node ref="U9" pin="22"/>
      <node ref="U5" pin="7"/>
      <node ref="C4" pin="2"/>
      <node ref="U4" pin="14"/>
      <node ref="C16" pin="2"/>
      <node ref="C15" pin="2"/>
      <node ref="U7" pin="3"/>
      <node ref="J1" pin="2"/>
      <node ref="R5" pin="2"/>
      <node ref="e1" pin="2"/>
      <node ref="U6" pin="9"/>
      <node ref="J6" pin="3"/>
      <node ref="U6" pin="6"/>
      <node ref="C3" pin="2"/>
      <node ref="U2" pin="20"/>
      <node ref="J8" pin="12"/>
      <node ref="U8" pin="9"/>
      <node ref="C2" pin="2"/>
      <node ref="C1" pin="2"/>
      <node ref="J2" pin="10"/>
      <node ref="J2" pin="2"/>
      <node ref="U1" pin="2"/>
    </net>
    <net code="2" name="Net-(U8-Pad10)">
      <node ref="U8" pin="10"/>
    </net>
    <net code="3" name="Net-(U8-Pad11)">
      <node ref="U8" pin="11"/>
    </net>
    <net code="4" name="INT0">
      <node ref="U8" pin="12"/>
      <node ref="U2" pin="12"/>
    </net>
    <net code="5" name="SCK">
      <node ref="U8" pin="13"/>
      <node ref="U2" pin="8"/>
    </net>
    <net code="6" name="+5V">
      <node ref="U4" pin="26"/>
      <node ref="C13" pin="1"/>
      <node ref="C17" pin="1"/>
      <node ref="U4" pin="28"/>
      <node ref="J2" pin="4"/>
      <node ref="U1" pin="3"/>
      <node ref="C2" pin="1"/>
      <node ref="C3" pin="1"/>
      <node ref="C14" pin="1"/>
      <node ref="e1" pin="1"/>
      <node ref="J6" pin="1"/>
      <node ref="U6" pin="7"/>
      <node ref="U9" pin="4"/>
      <node ref="U2" pin="40"/>
      <node ref="U3" pin="20"/>
      <node ref="U7" pin="2"/>
      <node ref="U8" pin="18"/>
      <node ref="U9" pin="20"/>
      <node ref="R1" pin="1"/>
      <node ref="U5" pin="10"/>
      <node ref="U5" pin="14"/>
      <node ref="U9" pin="19"/>
      <node ref="C7" pin="1"/>
      <node ref="C8" pin="1"/>
      <node ref="C12" pin="1"/>
    </net>
    <net code="7" name="MISO">
      <node ref="U8" pin="14"/>
      <node ref="U2" pin="7"/>
    </net>
    <net code="8" name="Net-(J9-Pad2)">
      <node ref="U6" pin="5"/>
      <node ref="J9" pin="2"/>
    </net>
    <net code="9" name="Net-(U7-Pad1)">
      <node ref="U7" pin="1"/>
      <node ref="U8" pin="1"/>
    </net>
    <net code="10" name="Net-(U7-Pad8)">
      <node ref="U7" pin="8"/>
    </net>
    <net code="11" name="Net-(J9-Pad3)">
      <node ref="J9" pin="3"/>
      <node ref="U6" pin="4"/>
    </net>
    <net code="12" name="Net-(R5-Pad1)">
      <node ref="R5" pin="1"/>
      <node ref="U7" pin="5"/>
    </net>
    <net code="13" name="Net-(J7-Pad2)">
      <node ref="R4" pin="2"/>
      <node ref="U7" pin="6"/>
      <node ref="J7" pin="2"/>
    </net>
    <net code="14" name="Net-(C16-Pad1)">
      <node ref="C16" pin="1"/>
      <node ref="U8" pin="8"/>
      <node ref="Y2" pin="2"/>
    </net>
    <net code="15" name="MOSI">
      <node ref="U2" pin="6"/>
      <node ref="U8" pin="15"/>
    </net>
    <net code="16" name="SS">
      <node ref="U2" pin="5"/>
      <node ref="U8" pin="16"/>
    </net>
    <net code="17" name="~RESET">
      <node ref="U8" pin="17"/>
      <node ref="SW1" pin="3"/>
      <node ref="C6" pin="1"/>
      <node ref="SW1" pin="4"/>
      <node ref="U2" pin="9"/>
      <node ref="R1" pin="2"/>
    </net>
    <net code="18" name="Net-(U7-Pad4)">
      <node ref="U8" pin="2"/>
      <node ref="U7" pin="4"/>
    </net>
    <net code="19" name="Net-(U8-Pad3)">
      <node ref="U8" pin="3"/>
    </net>
    <net code="20" name="Net-(U8-Pad4)">
      <node ref="U8" pin="4"/>
    </net>
    <net code="21" name="Net-(U8-Pad5)">
      <node ref="U8" pin="5"/>
    </net>
    <net code="22" name="Net-(U8-Pad6)">
      <node ref="U8" pin="6"/>
    </net>
    <net code="23" name="Net-(C15-Pad1)">
      <node ref="Y2" pin="1"/>
      <node ref="U8" pin="7"/>
      <node ref="C15" pin="1"/>
    </net>
    <net code="24" name="AD8">
      <node ref="U4" pin="25"/>
      <node ref="U2" pin="21"/>
      <node ref="U9" pin="10"/>
    </net>
    <net code="25" name="AD7">
      <node ref="J8" pin="11"/>
      <node ref="U9" pin="11"/>
      <node ref="U4" pin="19"/>
      <node ref="U3" pin="9"/>
      <node ref="U2" pin="32"/>
    </net>
    <net code="26" name="AD6">
      <node ref="U3" pin="8"/>
      <node ref="U4" pin="18"/>
      <node ref="U2" pin="33"/>
      <node ref="J8" pin="10"/>
      <node ref="U9" pin="13"/>
    </net>
    <net code="27" name="AD5">
      <node ref="U4" pin="17"/>
      <node ref="U2" pin="34"/>
      <node ref="J8" pin="9"/>
      <node ref="U9" pin="14"/>
      <node ref="U3" pin="7"/>
    </net>
    <net code="28" name="AD4">
      <node ref="U9" pin="15"/>
      <node ref="U4" pin="16"/>
      <node ref="U2" pin="35"/>
      <node ref="U3" pin="6"/>
      <node ref="J8" pin="8"/>
    </net>
    <net code="29" name="AD2">
      <node ref="J8" pin="6"/>
      <node ref="U9" pin="16"/>
      <node ref="U4" pin="13"/>
      <node ref="U3" pin="4"/>
      <node ref="U2" pin="37"/>
    </net>
    <net code="30" name="AD1">
      <node ref="U3" pin="3"/>
      <node ref="J8" pin="5"/>
      <node ref="U9" pin="17"/>
      <node ref="U4" pin="12"/>
      <node ref="U2" pin="38"/>
    </net>
    <net code="31" name="AD0">
      <node ref="U9" pin="18"/>
      <node ref="J8" pin="4"/>
      <node ref="U4" pin="11"/>
      <node ref="U3" pin="2"/>
      <node ref="U2" pin="39"/>
    </net>
    <net code="32" name="Net-(C10-Pad1)">
      <node ref="C10" pin="1"/>
      <node ref="R2" pin="1"/>
      <node ref="J4" pin="1"/>
    </net>
    <net code="33" name="T0">
      <node ref="U2" pin="1"/>
      <node ref="U9" pin="9"/>
    </net>
    <net code="34" name="Net-(R3-Pad2)">
      <node ref="R3" pin="2"/>
      <node ref="U9" pin="24"/>
    </net>
    <net code="35" name="Net-(J6-Pad2)">
      <node ref="J6" pin="2"/>
      <node ref="U9" pin="3"/>
    </net>
    <net code="36" name="CS(ADC)">
      <node ref="U5" pin="1"/>
      <node ref="U5" pin="11"/>
      <node ref="U9" pin="5"/>
    </net>
    <net code="37" name="RD">
      <node ref="U4" pin="22"/>
      <node ref="U9" pin="6"/>
      <node ref="U2" pin="17"/>
    </net>
    <net code="38" name="WR">
      <node ref="U4" pin="27"/>
      <node ref="U2" pin="16"/>
      <node ref="U9" pin="7"/>
      <node ref="J8" pin="3"/>
    </net>
    <net code="39" name="INT2">
      <node ref="U2" pin="31"/>
      <node ref="U9" pin="8"/>
    </net>
    <net code="40" name="Net-(R2-Pad2)">
      <node ref="R2" pin="2"/>
      <node ref="U9" pin="23"/>
    </net>
    <net code="41" name="Net-(J9-Pad4)">
      <node ref="J9" pin="4"/>
    </net>
    <net code="42" name="Net-(J9-Pad1)">
      <node ref="J9" pin="1"/>
    </net>
    <net code="43" name="Net-(J9-Pad6)">
      <node ref="J9" pin="6"/>
    </net>
    <net code="44" name="Net-(J9-Pad7)">
      <node ref="J9" pin="7"/>
    </net>
    <net code="45" name="Net-(J9-Pad8)">
      <node ref="J9" pin="8"/>
    </net>
    <net code="46" name="Net-(J9-Pad9)">
      <node ref="J9" pin="9"/>
    </net>
    <net code="47" name="PB1">
      <node ref="U2" pin="2"/>
      <node ref="J5" pin="1"/>
    </net>
    <net code="48" name="Net-(J5-Pad2)">
      <node ref="U9" pin="2"/>
      <node ref="J5" pin="2"/>
    </net>
    <net code="49" name="Net-(J5-Pad3)">
      <node ref="J5" pin="3"/>
      <node ref="U9" pin="1"/>
    </net>
    <net code="50" name="PB3">
      <node ref="J4" pin="2"/>
      <node ref="U2" pin="4"/>
    </net>
    <net code="51" name="Net-(C11-Pad1)">
      <node ref="J3" pin="1"/>
      <node ref="C11" pin="1"/>
      <node ref="R3" pin="1"/>
    </net>
    <net code="52" name="PB2">
      <node ref="U2" pin="3"/>
      <node ref="J3" pin="2"/>
    </net>
    <net code="53" name="Net-(J7-Pad1)">
      <node ref="U7" pin="7"/>
      <node ref="R4" pin="1"/>
      <node ref="J7" pin="1"/>
    </net>
    <net code="54" name="Net-(C5-Pad1)">
      <node ref="C5" pin="1"/>
      <node ref="U2" pin="18"/>
      <node ref="Y1" pin="2"/>
    </net>
    <net code="55" name="AD3">
      <node ref="U2" pin="36"/>
      <node ref="U4" pin="15"/>
      <node ref="J8" pin="7"/>
      <node ref="U3" pin="5"/>
    </net>
    <net code="56" name="Net-(C4-Pad1)">
      <node ref="U2" pin="19"/>
      <node ref="C4" pin="1"/>
      <node ref="Y1" pin="1"/>
    </net>
    <net code="57" name="Net-(U3-Pad16)">
      <node ref="U3" pin="16"/>
      <node ref="U4" pin="7"/>
    </net>
    <net code="58" name="Net-(U3-Pad19)">
      <node ref="U3" pin="19"/>
      <node ref="U4" pin="10"/>
    </net>
    <net code="59" name="Net-(U3-Pad18)">
      <node ref="U3" pin="18"/>
      <node ref="U4" pin="9"/>
    </net>
    <net code="60" name="Net-(U3-Pad17)">
      <node ref="U4" pin="8"/>
      <node ref="U3" pin="17"/>
    </net>
    <net code="61" name="Net-(U3-Pad15)">
      <node ref="U3" pin="15"/>
      <node ref="U4" pin="6"/>
    </net>
    <net code="62" name="Net-(U3-Pad14)">
      <node ref="U4" pin="5"/>
      <node ref="U3" pin="14"/>
    </net>
    <net code="63" name="Net-(U3-Pad13)">
      <node ref="U3" pin="13"/>
      <node ref="U4" pin="4"/>
    </net>
    <net code="64" name="Net-(U3-Pad12)">
      <node ref="U3" pin="12"/>
      <node ref="U4" pin="3"/>
    </net>
    <net code="65" name="Net-(U6-Pad11)">
      <node ref="U6" pin="15"/>
      <node ref="U6" pin="11"/>
    </net>
    <net code="66" name="Net-(U6-Pad12)">
      <node ref="U6" pin="17"/>
      <node ref="U6" pin="12"/>
    </net>
    <net code="67" name="Net-(U6-Pad10)">
      <node ref="U6" pin="10"/>
      <node ref="U6" pin="16"/>
    </net>
    <net code="68" name="Net-(C1-Pad1)">
      <node ref="J1" pin="1"/>
      <node ref="C1" pin="1"/>
      <node ref="U1" pin="1"/>
    </net>
    <net code="69" name="Net-(J1-Pad3)">
      <node ref="J1" pin="3"/>
    </net>
    <net code="70" name="TCK">
      <node ref="J2" pin="1"/>
    </net>
    <net code="71" name="TDO">
      <node ref="J2" pin="3"/>
    </net>
    <net code="72" name="TMS">
      <node ref="J2" pin="5"/>
    </net>
    <net code="73" name="RESET">
      <node ref="J2" pin="6"/>
    </net>
    <net code="74" name="Net-(J2-Pad7)">
      <node ref="J2" pin="7"/>
    </net>
    <net code="75" name="Net-(J2-Pad8)">
      <node ref="J2" pin="8"/>
    </net>
    <net code="76" name="TDI">
      <node ref="J2" pin="9"/>
    </net>
    <net code="77" name="AD11">
      <node ref="U5" pin="9"/>
      <node ref="U4" pin="23"/>
      <node ref="U2" pin="24"/>
    </net>
    <net code="78" name="Net-(U4-Pad1)">
      <node ref="U4" pin="1"/>
    </net>
    <net code="79" name="CS1(SRAM)">
      <node ref="U5" pin="8"/>
      <node ref="U5" pin="13"/>
      <node ref="U4" pin="20"/>
      <node ref="U5" pin="2"/>
    </net>
    <net code="80" name="AD10">
      <node ref="U5" pin="12"/>
      <node ref="U4" pin="21"/>
      <node ref="U2" pin="23"/>
    </net>
    <net code="81" name="DC(OLED)">
      <node ref="U5" pin="6"/>
      <node ref="J8" pin="2"/>
    </net>
    <net code="82" name="AD9">
      <node ref="U4" pin="24"/>
      <node ref="U2" pin="22"/>
      <node ref="U5" pin="5"/>
    </net>
    <net code="83" name="CS(OLED)">
      <node ref="U5" pin="4"/>
      <node ref="U5" pin="3"/>
      <node ref="J8" pin="1"/>
    </net>
    <net code="84" name="Net-(U6-Pad1)">
      <node ref="U6" pin="1"/>
    </net>
    <net code="85" name="Net-(U6-Pad13)">
      <node ref="U6" pin="13"/>
    </net>
    <net code="86" name="Net-(U6-Pad14)">
      <node ref="U6" pin="14"/>
    </net>
    <net code="87" name="Net-(U6-Pad18)">
      <node ref="U6" pin="18"/>
    </net>
    <net code="88" name="Net-(U6-Pad19)">
      <node ref="U6" pin="19"/>
    </net>
    <net code="89" name="TXD0">
      <node ref="U2" pin="11"/>
      <node ref="U6" pin="2"/>
    </net>
    <net code="90" name="ALE">
      <node ref="U3" pin="11"/>
      <node ref="U2" pin="30"/>
    </net>
    <net code="91" name="Net-(U2-Pad25)">
      <node ref="U2" pin="25"/>
    </net>
    <net code="92" name="Net-(U2-Pad26)">
      <node ref="U2" pin="26"/>
    </net>
    <net code="93" name="Net-(U2-Pad27)">
      <node ref="U2" pin="27"/>
    </net>
    <net code="94" name="Net-(U2-Pad28)">
      <node ref="U2" pin="28"/>
    </net>
    <net code="95" name="Net-(U2-Pad29)">
      <node ref="U2" pin="29"/>
    </net>
    <net code="96" name="Net-(U6-Pad20)">
      <node ref="U6" pin="20"/>
    </net>
    <net code="97" name="RDX0">
      <node ref="U2" pin="10"/>
      <node ref="U6" pin="3"/>
    </net>
    <net code="98" name="Net-(U6-Pad8)">
      <node ref="U6" pin="8"/>
    </net>
    <net code="99" name="Net-(U2-Pad13)">
      <node ref="U2" pin="13"/>
    </net>
    <net code="100" name="Net-(U2-Pad14)">
      <node ref="U2" pin="14"/>
    </net>
    <net code="101" name="Net-(U2-Pad15)">
      <node ref="U2" pin="15"/>
    </net>
  </nets>
</export>
